insert into `_ref_industry` (ID,name, createdBy) 
values (1,'Manufacturing',1),(2,'Retail',1),(3,'Services',1),(4,'Others',1);

insert into _ref_business_type (ID,industryID, name, createdBy)
values (1,1,'Manufacturing',1),
(2,2,'Audio Visual',1),
(3,2,'Bakery',1),
(4,2,'Cafe',1),
(5,2,'Car Dealer',1),
(6,2,'Furniture Dealer',1),
(7,2,'Gift Shop',1),
(8,2,'Hardware Store',1),
(9,2,'Restaurant',1),
(10,2,'Video Store',1),
(11,3,'Accounting Firm',1),
(12,3,'Advertising Agency',1),
(13,3,'Architect',1),
(14,3,'Banquet Facilty',1),
(15,3,'Beauty Salon',1),
(16,3,'Cleaning Services',1),
(17,3,'Construction Company',1),
(18,3,'Education Institution',1),
(19,3,'Financial Services',1),
(20,3,'Insurance Agency',1),
(21,3,'Legal Firm',1),
(22,3,'Non-profit Organization',1),
(23,3,'Travel Agency',1),
(24,4,'Partnership',1),
(25,4,'sole Proprietorship',1),
(26,4,'Wholesale Business',1);

insert into _ref_acct_type (ID, acctTypeName, acctClass, createdBy) values
(1,'Assets',0,1),
(2,'Liability',0,1),
(3,'Income',1,1),
(4,'Expences',1,1);

insert into _ref_acct_group (ID,acctTypeID,acctTypeName,orderno, createdby) values
(1,1,'Capital/Retained Earnings',10,1),
(2,1,'Fixed Assets',20,1),
(3,1,'Current Assets',30,1),
(4,2,'Current Liabilities',100,1),
(5,2,'Other Liabilites',110,1),
(6,2,'Long-Term Liabilities',120,1),
(7,3,'Revenue',200,1),
(8,3,'Cost of Sales',210,1),
(9,3,'Other Income',220,1),
(10,4,'Expenses',300,1),
(11,4,'Other Expenses',310,1),
(12,4,'Taxation',320,1);

insert into _ref_chart_of_acct (ID,businessTypeID, acctCode,parentID,acctname,acctGroupID,createdBy) values
(1,1,'100000000',0,'Owner''s/Shareholder''s capital',	1,1),
(2,1,'120000000',0,'Retained Earnings-Prior Year',	1,1),
(3,1,'130000000',0,'Current Year Earnings',	1,1),
(4,1,'200000000',0,'Fixed Assets',	2,1),
(5,1,'200010000',4,'Manufacturing Plant',	2,1),
(6,1,'200010010',5,'Manufacturing Plant at Cost',	2,1),
(7,1,'200010020',5,'Manufacturing Plant Accum Dep''n',	2,1),
(8,1,'200020000',4,'Manufacturing Equipment',	2,1),
(9,1,'200020010',8,'Manufacturing Equipment at Cost',	2,1),
(10,1,'200020020',8,'Manufacturing Equipment Accum Dep''n',	2,1),
(11,1,'200030000',4,'Furniture & Fixtures',	2,1),
(12,1,'200030010',11,'Furn & Fixtures at Cost',	2,1),
(13,1,'200030020',11,'Furn & Fixtures Accum Dep''n',	2,1),
(14,1,'200040000',4,'Office Equipment', 	2,1),
(15,1,'200040010',14,'Office Equipment at Cost',	2,1),
(16,1,'200040020',14,'Office Equipment Accum Dep''n',2,1),
(17,1,'200050000',4,'Motor Vehicles',	2,1),
(18,1,'200050010',17,'Motor Vehicles at Cost',	2,1),
(19,1,'200050020',17,'Motor Vehicles Accum Dep''n',	2,1),
(20,1,'210000000',0,'Trade Receivable',	3,1),
(21,1,'220000000',0,'Cash and Bank Balances',	3,1),
(22,1,'220010000',21,'Bank',	3,1),
(23,1,'220020000',21,'Cash in Hand',	3,1),
(24,1,'220030000',21,'Petty Cash''s',	3,1),
(25,1,'230000000',0,'Inventories',	3,1),
(26,1,'230010000',25,'Stock of Work in Progress',	3,1),
(27,1,'240000000',0,'Other Receivables',	3,1),
(28,1,'250000000',0,'Prepayments and Deposits',	3,1),
(29,1,'250010000',28,'Prepayments',	3,1),
(30,1,'250020000',28,'Deposits Paid',	3,1),
(31,1,'260000000',0,'Tax Claimable',	3,1),
(32,1,'260010000',31,'GST Input Tax',	3,1),
(33,1,'260011000',31,'Provision for GST Non-Claimable',	3,1),
(34,1,'260020000',31,'Suspense GST - Input Tax',	3,1),
(35,1,'300000000',0,'Trade Payable',	4,1),
(36,1,'320000000',0,'Other Payables',	4,1),
(37,1,'330000000',0,'Tax Payable',	4,1),
(38,1,'330010000',37,'GST Output Tax',	4,1),
(39,1,'330020000',37,'Suspense GST - Output Tax',	4,1),
(40,1,'330030000',37,'Import Duty Payable',	4,1),
(41,1,'330040000',37,'Sales Tax Payable',	4,1),
(42,1,'330050000',37,'Service Tax Payable',	4,1),
(43,1,'340000000',0,'Accruals',	4,1),
(44,1,'340010000',43,'Accrued Payroll',	4,1),
(45,1,'340020000',43,'Payroll Deductions', 4,1),
(46,1,'340030000',43,'PAYE Tax Payable',	4,1),
(47,1,'340040000',43,'Commission Payable',	4,1),
(48,1,'350000000',0,'Client Deposits',	4,1),
(49,1,'360000000',0,'Deffered Tax Liabilities',	5,1),
(50,1,'370000000',0,'Borrowing',	6,1),
(51,1,'370010000',50,'Bank Loan',	6,1),
(52,1,'370080000',50,'Other Long-Term Liabilities',	6,1),

(53,1,'400000000',0,'Sales',	7,1),
(54,1,'400010000',53,'Sales-Baked Items',7  ,1),
(55,1,'400020000',53,'Sales-Novelty Items',7,1),
(56,1,'480000000',0,'Miscellaneous Income',	7,1),
(57,1,'500000000',0,'Cost of Goods Sold',	8,1),
(58,1,'500010000',57,'Baked Items',	8,1),
(59,1,'500020000',57,'Novelty Items',	8,1),
(60,1,'510000000',0,'Purchase Price Variance',	8,1),
(61,1,'560000000',0,'Freight',	8,1),
(62,1,'570000000',0,'Inventory Adjustment Account',	8,1),
(63,1,'580000000',0,'Commission Expense',	8,1),
(64,1,'710000000',0,'Discount Received',	9,1),
(65,1,'711000000',0,'Interest Income',   9,1),
(66,1,'712000000',0,'Late Fees Collected',	9,1),
(67,1,'713000000',0,'Freight Collected',    9,1),
(68,1,'810000000',0,'Administration Expenses',	10,1),
(69,1,'810011100',68,'Accounting Fees',	10,1),
(70,1,'810011200',68,'Legal Fees',10,1),
(71,1,'810014000',68,'Dues & Subscriptions',	10,1),
(72,1,'810015000',68,'Office Supplies',	10,1),
(73,1,'810016000',68,'Freight',10,1),
(74,1,'810017000',68,'Late Payment Charges',	10,1),
(75,1,'810019000',68,'Advertising & Promotion Exp',10,1),
(103,1,'810019010',75,'Advertising',	10,1),
(76,1,'810019020',75,'In-store Promotions', 	10,1),
(77,1,'810020000',68,'Depreciation Expense',	10,1),
(78,1,'810040000',68,'GST- Non Claimable',	10,1),
(79,1,'810050000',68,'Service Tax',	10,1),
(80,1,'820000000',0,'Operation Expenses',	10,1),
(81,1,'820011000',80,'Cleaning	Expenses',10,1),
(82,1,'820012000',80,'Postage & Delivery',   10,1),
(83,1,'820013000',80,'Printing',	10,1),
(84,1,'820014000',80,'Rent',        10,1),
(85,1,'820015000',80,'Store Supplies',	10,1),
(86,1,'820016000',80,'Telephone',	10,1),
(87,1,'820017000',80,'Water',	10,1),
(88,1,'820018000',80,'Shrinkage/Spoilage',	10,1),
(89,1,'820019000',80,'Employment Expenses', 10,1),
(90,1,'820019010',80,'Fringe Benefits Tax',	10,1),
(91,1,'820019020',80,'Staff Amenities ',    10,1),
(92,1,'820019030',80,'Wages & Salaries ',   10,1),
(93,1,'820019040',80,'Workers'' Compensation', 10,1),
(94,1,'820019050',80,'Other Employment Expenses', 10,1),
(95,1,'820020000',80,'Uniforms & Laundry',	10,1),
(96,1,'830000000',0,'Interest & Bank Charges',	10,1),
(97,1,'840000000',0,'Discounts Given',	10,1),
(98,1,'841000000',0,'Prompt Payment Discount',	10,1),
(99,1,'850000000',0,'Zakat Expense',	10,1),
(100,1,'860000000',0,'Bad Debt Expense',	11,1),
(101,1,'870000000',0,'Exchange Difference',	11,1),
(102,1,'860000000',0,'Income Tax Expense',	12,1)
;
insert into _ref_chart_of_acct (ID,businessTypeID, acctCode,parentID,acctname,acctGroupID,createdBy) values
(199,2,'110000000',0,'Share Capital',1,1),	
(104,2,'120000000',0,'Retained Earnings-Prior Year',1,1),
(105,2,'130000000',0,'Current Year Earnings',1,1),
(106,2,'200000000',0,'Fixed Assets',2,1),	
(107,2,'200010000',106,'Buildings & Improvements',2,1),
(108,2,'200010010',107,'Bldgs & Imprv at Cost',2,1),
(109,2,'200010020',107,'Bldgs & Imprv Accum Dep\'n',2,1),
(110,2,'200020000',106,'Production Equipment',2,1),
(111,2,'200020010',110,'Production Equipment at Cost',2,1),
(112,2,'200020020',110,'Production Equipment Accum Dep\'n',2,1),
(113,2,'200030000',106,'Furniture and Fixtures',2	,1),
(114,2,'200030010',113,'Furniture & Fixtures at Cost',2,1),
(115,2,'200030020',113,'Furniture & Fixtures Accum Dep\'n',2,1),
(116,2,'200040000',106,'Motor Vehicles',2	,1),
(117,2,'200040010',116,'Motor Vehicles at Cost',2	,1),
(118,2,'200040020',116,'Motor Vehicles Accum Dep\'n',2	,1),
(119,2,'200050000',106,'Leasehold Improvements',2	,1),
(120,2,'200050010',119,'Improvements at Cost',2	,1),
(121,2,'200050020',119,'Improvements Amortisation',2,1),
(122,2,'210000000',0,'Trade Receivable',3,1),
(123,2,'220000000',0,'Cash and Bank Balances',3	,1),
(124,2,'220010000',123,'Bank',3	,1),
(125,2,'220020000',123,'Cash in Hand',3	,1),
(126,2,'220030000',123,'Petty Cash',3	,1),
(127,2,'230000000',0,'Inventories',3	,1),
(128,2,'230010000',128,'Stock of Work in Progress',3	,1),
(129,2,'240000000',0,'Other Receivables',3	,1),
(130,2,'250000000',0,'Prepayments and Deposits',3	,1),
(131,2,'250010000',130,'Prepayments',	3,1),
(132,2,'250020000',130,'Deposits Paid',	3,1),
(133,2,'260000000',0,'Tax Claimable',	3,1),
(134,2,'260010000',133,'GST Input Tax',	3,1),
(135,2,'260011000',133,'Provision for GST Non-Claimable',3	,1),
(136,2,'260020000',133,'Suspense GST - Input Tax',3	,1),
(137,2,'300000000',0,'Trade Payable',4,1),
(138,2,'320000000',0,'Other Payables',4	,1),
(139,2,'330000000',0,'Tax Payable',4,1),
(140,2,'330010000',139,'GST Output Tax',	4,1),
(141,2,'330020000',139,'Suspense GST - Output Tax',4	,1),
(142,2,'330030000',139,'Import Duty Payable',4	,1),
(143,2,'330040000',139,'Sales Tax Payable',	4,1),
(144,2,'330050000',139,'Service Tax Payable',4	,1),
(145,2,'340000000',0,'Accruals',	4,1),
(146,2,'340010000',145,'Accrued Payroll',	4,1),
(147,2,'340020000',145,'Payroll Deductions Payable',4,1),
(148,2,'340030000',145,'PAYE Tax Payable',4	,1),
(149,2,'340040000',145,'Commission Payable',4	,1),
(150,2,'350000000',0,'Client Deposits',	4,1),
(151,2,'360000000',0,'Deffered Tax Liabilities',5,1),
(152,2,'370000000',0,'Borrowing',6	,1),
(153,2,'370010000',152,'Bank Loans',6	,1),
(154,2,'370080000',152,'Other Long-Term Liabilities',	6,1),

(155,2,'400000000',0,'Sales',7,1),
(156,2,'410000000',0,'Audio Equip Rental Income',7,1),
(157,2,'420000000',0,'Video Equip Rental Income',7,1),
(158,2,'430000000',0,'Other Service Fees',7,1),
(159,2,'460000000',0,'Miscellaneous Income',7,1),
(160,2,'500000000',0,'Cost of Goods Sold',8,1),
(161,2,'500010000',160,'Purchases - Audio Equip',8,1),
(162,2,'500020000',160,'Purchases - Video Equip',8,1),
(163,2,'510000000',0,'Purchase Price Variance',8,1),
(164,2,'560000000',0,'Freight',	8,1),
(165,2,'570000000',0,'Inventory Adjustment Account',8,1),
(166,2,'580000000',0,'Commission Expense',8,1),
(167,2,'710000000',0,'Discount Received',9,1),
(168,2,'711000000',0,'Interest Income',9,1),
(169,2,'712000000',0,'Late Fees Collected',	9,1),
(170,2,'713000000',0,'Freight Collected',9,1),
(171,2,'810000000',0,'Administration Expenses',10,1),
(172,2,'810010000',171,'Accounting Fees',	10,1),
(173,2,'810011000',171,'Legal Fees',	10,1),
(174,2,'810012000',171,'Postage & Delivery',10,1),
(175,2,'810013000',171,'Office Supplies',	10,1),
(176,2,'810014000',171,'Dues & Subscriptions',10,1),
(177,2,'810015000',171,'Telephone',	10,1),
(178,2,'810016000',171,'Advertising',	10,1),
(179,2,'810017000',171,'Maintenance & Repairs',10,1),
(180,2,'810018000',171,'Freight',	10,1),
(181,2,'810019000',171,'Late Payment Charges',	10,1),
(182,2,'810020000',171,'Rent',                         	10,1),
(183,2,'810021000',171,'Electricity',                  	10,1),
(184,2,'810022000',171,'Depreciation Expense', 	10,1),
(185,2,'810040000',171,'GST- Non Claimable',	10,1),
(186,2,'810050000',171,'Service Tax',	10,1),
(187,2,'820000000',0,'Employment Expenses',          	10,1),
(188,2,'820010000',187,'Staff Amenities',              	10,1),
(189,2,'820030000',187,'Wages & Salaries',             	10,1),
(190,2,'820040000',187,'Workers\' Compensation',         	10,1),
(191,2,'820050000',187,'Other Employment Expenses',     10,1),
(192,2,'830000000',187,'Interest & Bank Charges',	10,1),
(193,2,'840000000',0,'Discounts Given',	10,1),
(194,2,'841000000',0,'Prompt Payment Discount',	10,1),
(195,2,'850000000',0,'Zakat Expense',	10,1),
(196,2,'860000000',0,'Bad Debt Expense',	11,1),
(197,2,'870000000',0,'Exchange Difference',	11,1),
(198,2,'860000000',0,'Income Tax Expense',	12,1);

insert into _ref_chart_of_acct (ID,businessTypeID, acctCode,parentID,acctname,acctGroupID,createdBy) values
(200,3,'110000000',0,'Share Capital',1,1),
(201,3,'120000000',0,'Retained Earnings-Prior Year',1,1),
(202,3,'130000000',0,'Current Year Earnings',1,1),
(203,3,'200000000',0,'Fixed Assets',2,1),
(204,3,'200010000',203,'Kitchen Equipment',2,1),
(205,3,'200010010',204,'Kitchen Equip at Cost',2,1),
(206,3,'200010020',204,'Kitchen Equip Accum Depr\'n',2,1),
(207,3,'200020000',203,'Store Equipment	',2,1),
(208,3,'200020010',207,'Store Equipment at Cost',2,1),
(209,3,'200020020',207,'Store Equipment Accum Dep\'n',2,1),
(210,3,'200030000',203,'Building',2,1),
(211,3,'200030010',210,'Building at Cost',2,1),
(212,3,'200030020',210,'Building Accum Dep\'n',2,1),
(213,3,'200050000',203,'Leasehold Improvements',2,1),
(214,3,'200050010',213,'Improvements at Cost',2,1),
(215,3,'200050020',213,'Improvements Amortisation',2,1),
(216,3,'210000000',0,'Trade Receivable',3,1),
(217,3,'220000000',0,'Cash and Bank Balances',3,1),
(218,3,'220010000',217,'Bank',3,1),
(219,3,'220020000',217,'Cash in Hand',3,1),
(220,3,'220030000',217,'Petty Cash',3,1),
(221,3,'230000000',0,'Inventories',3,1),
(222,3,'230010000',221,'Stock of Work in Progress',3,1),
(223,3,'230020000',221,'Ingredients',3,1),
(224,3,'230030000',221,'Cake Boxes & Containers',3,1),
(225,3,'230040000',221,'Novelty Items',3,1),
(226,3,'240000000',0,'Other Receivables',3,1),
(227,3,'250000000',0,'Prepayments and Deposits',3,1),
(228,3,'250010000',227,'Prepayments',3,1),
(229,3,'250020000',227,'Deposits Paid',3,1),
(230,3,'260000000',0,'Tax Claimable',3,1),
(231,3,'260010000',230,'GST Input Tax',3,1),
(232,3,'260011000',230,'Provision for GST Non-Claimable',3,1),
(233,3,'260020000',230,'Suspense GST - Input Tax',3,1),
(234,3,'300000000',0,'Trade Payable',4,1),
(235,3,'320000000',0,'Other Payables',4,1),
(236,3,'330000000',0,'Tax Payable',4,1),
(237,3,'330010000',236,'GST Output Tax',4,1),
(238,3,'330020000',236,'Suspense GST - Output Tax',4,1),
(239,3,'330030000',236,'Import Duty Payable',4,1),
(240,3,'330040000',236,'Sales Tax Payable',4,1),
(241,3,'330050000',236,'Service Tax Payable',4,1),
(242,3,'340000000',0,'Accruals',4,1),
(243,3,'340010000',242,'Accrued Payroll',4,1),
(244,3,'340020000',242,'Payroll Deductions Payable',4,1),
(245,3,'340030000',242,'PAYE Tax Payable',4,1),
(246,3,'340040000',242,'Commission Payable',4,1),
(247,3,'350000000',0,'Client Deposits',4,1),
(248,3,'360000000',0,'Deffered Tax Liabilities',5,1),
(249,3,'370000000',0,'Borrowing',6,1),
(250,3,'370010000',249,'Bank Loans',6,1),
(251,3,'370080000',249,'Other Long-Term Liabilities',6,1),

(252,3,'400000000',0,'Sales',7,1),
(253,3,'400010000',252,'Sales-Baked Items',7,1),
(254,3,'400020000',252,'Sales-Novelty Items',7,1),
(255,3,'480000000',0,'Miscellaneous Income',7,1),
(256,3,'500000000',0,'Cost of Goods Sold',8,1),
(257,3,'500010000',256,'Baked Items',8,1),
(258,3,'500020000',256,'Novelty Items',8,1),
(259,3,'510000000',0,'Purchase Price Variance',8,1),
(260,3,'560000000',0,'Freight',8,1),
(261,3,'570000000',0,'Inventory Adjustment Account',8,1),
(262,3,'580000000',0,'Commission Expense',8,1),
(263,3,'710000000',0,'Discount Received',9,1),
(264,3,'711000000',0,'Interest Income',9,1),
(265,3,'712000000',0,'Late Fees Collected',9,1),
(266,3,'713000000',0,'Freight Collected',9,1),
(267,3,'810000000',0,'Administration Expenses',10,1),
(268,3,'810011100',267,'Accounting Fees',10,1),
(269,3,'810011200',267,'Legal Fees',10,1),
(270,3,'810014000',267,'Dues & Subscriptions',10,1),
(271,3,'810015000',267,'Office Supplies',10,1),
(272,3,'810016000',267,'Freight',10,1),
(273,3,'810017000',267,'Late Payment Charges',10,1),
(274,3,'810019000',267,'Advertising & Promotion Ex',10,1),
(275,3,'810019010',274,'Advertising',10,1),
(276,3,'810019020',274,'In-store Promotions',10,1),
(277,3,'810020000',267,'Depreciation Expense',10,1),
(278,3,'810040000',267,'GST- Non Claimable',10,1),
(279,3,'810050000',267,'Service Tax',10,1),
(280,3,'820000000',0,'Operation Expenses',10,1),
(281,3,'820011000',280,'Cleaning',10,1),
(282,3,'820012000',280,'Postage & Delivery',10,1),
(283,3,'820013000',280,'Printing',10,1),
(284,3,'820014000',280,'Rent ',10,1),
(285,3,'820015000',280,'Store Supplies',10,1),
(286,3,'820016000',280,'Telephone',10,1),
(287,3,'820017000',280,'Water',10,1),
(288,3,'820018000',280,'Shrinkage/Spoilage',10,1),
(289,3,'820019000',280,'Employment Expenses',10,1),
(290,3,'820019010',289,'Fringe Benefits Tax',10,1),
(291,3,'820019020',289,'Staff Amenities ',10,1),
(292,3,'820019030',289,'Wages & Salaries ',10,1),
(293,3,'820019040',289,'Workers\' Compensation ',10,1),
(294,3,'820019050',289,'Other Employment Expenses ',10,1),
(295,3,'820020000',280,'Uniforms & Laundry',10,1),
(296,3,'830000000',0,'Interest & Bank Charges',10,1),
(297,3,'840000000',0,'Discounts Given',10,1),
(298,3,'841000000',0,'Prompt Payment Discount',10,1),
(299,3,'850000000',0,'Zakat Expense',	10,1),
(300,3,'860000000',0,'Bad Debt Expense',	11,1),
(301,3,'870000000',0,'Exchange Difference',	11,1),
(302,3,'860000000',0,'Income Tax Expense',	12,1);

insert into _ref_chart_of_acct (ID,businessTypeID, acctCode,parentID,acctname,acctGroupID,createdBy) values
(303,4,'110000000',0,'Share Capital',1,1),
(304,4,'120000000',0,'Retained Earnings-Prior Year',1,1),
(305,4,'130000000',0,'Current Year Earnings',1,1),
(306,4,'200000000',0,'Fixed Assets',2,1),
(307,4,'200010000',306,'Leasehold Improvements',2,1),
(308,4,'200010010',307,'Improvements at Cost',2,1),
(309,4,'200010020',307,'Improvements Amortisation',2,1),
(310,4,'200020000',306,'Building',2,1),
(311,4,'200020010',310,'Building at Cost',2,1),
(312,4,'200020020',310,'Building Accum Dep\'n',2,1),
(313,4,'200030000',306,'Delivery Vehicles',2,1),
(314,4,'200030010',313,'Delivery Vehicles at Cost',2,1),
(315,4,'200030020',313,'Delivery Vehicles Accum Dep\'n',2,1),s
(316,4,'200040000',306,'Office Equipment',2,1),
(317,4,'200040010',316,'Office Equipment at Cost ',2,1),
(318,4,'200040020',316,'Office Equipment Accum Dep'n',2,1),
(319,4,'200050000',306,'Store Equipment ',2,1),
(320,4,'200050010',319,'Store Equipment at Cost ',2,1),s
(321,4,'200050020',319,'Store Equipment Accum Dep\'n',2,1),

2100.000.00	Trade Receivable	Current Assets
2200.000.00	Cash and Bank Balances	Current Assets
2200.100.00	Bank	Current Assets
2200.200.00	Cash in Hand	Current Assets
2200.300.00	Petty Cash	Current Assets
2300.000.00	Inventories	Current Assets
2300.100.00	Stock of Work in Progress	Current Assets
2400.000.00	Other Receivables	Current Assets
2500.000.00	Prepayments and Deposits	Current Assets
2500.100.00	Prepayments	Current Assets
2500.200.00	Deposits Paid	Current Assets
2600.000.00	Tax Claimable	Current Assets
2600.100.00	GST Input Tax	Current Assets
2600.110.00	Provision for GST Non-Claimable	Current Assets
2600.200.00	Suspense GST - Input Tax	Current Assets

(,4,'300000000',0,'Trade Payable',4,1),
(,4,'320000000',0,'Other Payables',4	,1),
(,4,'330000000',0,'Tax Payable',4,1),
(,4,'330010000',139,'GST Output Tax',	4,1),
(,4,'330020000',139,'Suspense GST - Output Tax',4	,1),
(,4,'330030000',139,'Import Duty Payable',4	,1),
(,4,'330040000',139,'Sales Tax Payable',	4,1),
(,4,'330050000',139,'Service Tax Payable',4	,1),
(,4,'340000000',0,'Accruals',	4,1),
(,4,'340010000',145,'Accrued Payroll',	4,1),
(,4,'340020000',145,'Payroll Deductions Payable',4,1),
(,4,'340030000',145,'PAYE Tax Payable',4	,1),
(,4,'340040000',145,'Commission Payable',4	,1),
(,4,'350000000',0,'Client Deposits',	4,1),
(,4,'360000000',0,'Deffered Tax Liabilities',5,1),
(,4,'370000000',0,'Borrowing',6	,1),
(,4,'370010000',152,'Bank Loans',6	,1),
(,4,'370080000',152,'Other Long-Term Liabilities',	6,1),

